model,rank,gene,score
logreg,1,HIST3H2A,0.0832
logreg,2,MYBL2,0.0796
logreg,3,PRR11,0.076
logreg,4,UPK3BL1,0.0715
logreg,5,YBX2,0.0708
logreg,6,KCNC3,0.0703
logreg,7,RHBDL3,0.0691
logreg,8,ZNF662,0.0682
logreg,9,TCAP,0.0681
logreg,10,GSDMB,0.0675
logreg,11,PNMT,0.0654
logreg,12,PCDHGB4,0.0643
logreg,13,RRAD,0.064
logreg,14,CDCA7,0.0639
logreg,15,ZNF695,0.0637
logreg,16,ALDOC,0.0632
logreg,17,ME1,0.0617
logreg,18,MYBL1,0.0615
logreg,19,SLC25A48,0.0614
logreg,20,ADGRV1,0.061
random_forest,1,FOXA1,0.0095
random_forest,2,MLPH,0.0092
random_forest,3,CCDC170,0.0083
random_forest,4,ESR1,0.0078
random_forest,5,AGR2,0.0075
random_forest,6,ROPN1,0.0071
random_forest,7,TBC1D9,0.0061
random_forest,8,FGFR4,0.0061
random_forest,9,IRID1,0.0056
random_forest,10,SPDEF,0.0055
random_forest,11,SIDT1,0.0054
random_forest,12,B3GNT5,0.0053
random_forest,13,SLC39A6,0.0053
random_forest,14,THSD4,0.0051
random_forest,15,SRSF12,0.005
random_forest,16,MYBL2,0.0047
random_forest,17,LINC01105,0.0045
random_forest,18,CA12,0.0043
random_forest,19,MAPT,0.0042
random_forest,20,FAM171A1,0.0042
hist_gb,1,CPB1,0.0
hist_gb,2,SLC5A11,0.0
hist_gb,3,KITLG,0.0
hist_gb,4,GJB4,0.0
hist_gb,5,HAS3,0.0
hist_gb,6,EFNB3,0.0
hist_gb,7,CFAP45,0.0
hist_gb,8,POLYDOM,0.0
hist_gb,9,RDH10,0.0
hist_gb,10,CEACAM19,0.0
hist_gb,11,KCNE5,0.0
hist_gb,12,GRIK1,0.0
hist_gb,13,DCDC5,0.0
hist_gb,14,SH2D4A,0.0
hist_gb,15,CILP2,0.0
hist_gb,16,ASCL4,0.0
hist_gb,17,PCDHB16,0.0
hist_gb,18,MAGEL1,0.0
hist_gb,19,PCDHAC1,0.0
hist_gb,20,FOLH1,0.0
